Domains,Keyword Found,Monitoring Date,Detected by
indiapoi.xyz,indianoil,2025-10-11,Similarity Jaro-Winkler
indianidol16.lat,indianoil,2025-10-11,Similarity Jaro-Winkler
indiaintro.com,indianoil,2025-10-11,Similarity Jaro-Winkler
indianitworld.com,indianoil,2025-10-11,Similarity Jaro-Winkler
cocoindiano.com,indianoil,2025-10-11,Similarity Jaccard
sindaneway.com,indane,2025-10-11,Full Word Match
indaindeer.com,indane,2025-10-11,Similarity Jaro-Winkler
indiandeer.shop,indane,2025-10-11,Similarity Jaro-Winkler
findaneurpsychologist.com,indane,2025-10-11,Full Word Match
inden.cyou,indane,2025-10-11,Similarity Jaro-Winkler
indiandeer.com,indane,2025-10-11,Similarity Jaro-Winkler
aperioclinicalresearch.com,iocl,2025-10-11,Full Word Match
iocplu.info,iocl,2025-10-11,Similarity Jaro-Winkler
app-inicioclientes.com,iocl,2025-10-11,Full Word Match
bioclaritydiagnostic.com,iocl,2025-10-11,Full Word Match
audioclass.co.in,iocl,2025-10-11,Full Word Match
estudioclq.com,iocl,2025-10-11,Full Word Match
iocloudstudio.digital,iocl,2025-10-11,Full Word Match
www.iocr.pro,iocl,2025-10-11,Similarity Damerau-Levenshtein
studioclub.org,iocl,2025-10-11,Full Word Match
servicioclienteenlinea.com,iocl,2025-10-11,Full Word Match
en-us-cardioclear7.shop,iocl,2025-10-11,Full Word Match
iambiocleany.com,iocl,2025-10-11,Full Word Match
comunicazioni.iol.it,iocl,2025-10-11,Similarity Damerau-Levenshtein
us4.analytics.calabriocloud.com,iocl,2025-10-11,Full Word Match
adarioclimatizacoes.com.br,iocl,2025-10-11,Full Word Match
bioclinicacr.com,iocl,2025-10-11,Full Word Match
truebioclean.com,iocl,2025-10-11,Full Word Match
apoioclientesantanderdigital.com,iocl,2025-10-11,Full Word Match
pergolabioclimatic.com,iocl,2025-10-11,Full Word Match
indianoflux.com,indianoil,2025-10-11,Similarity Jaro-Winkler
indiansgold.com,indianoil,2025-10-11,Similarity Jaro-Winkler
indiannopiece.homes,indianoil,2025-10-11,Similarity Jaro-Winkler
bilfe.top,sbilife,2025-10-11,Similarity Jaro-Winkler
rajeshicicibank.com,icicibank,2025-10-11,Full Word Match
winsbirs.com,sbi,2025-10-11,Full Word Match
arthasbistro.com,sbi,2025-10-11,Full Word Match
www.see--sbi.fun,sbi,2025-10-11,Full Word Match
xn----7sbitdfjvhcslfig.xn--p1ai,sbi,2025-10-11,Full Word Match
consequencesbir1515.sbs,sbi,2025-10-11,Full Word Match
clubmasbienestar.com,sbi,2025-10-11,Full Word Match
innovaanalyticsbi.com,sbi,2025-10-11,Full Word Match
sbindiancollection.com,sbi,2025-10-11,Full Word Match
howisbidenstillpresident.com,sbi,2025-10-11,Full Word Match
nextgensalesbizboost.com,sbi,2025-10-11,Full Word Match
sbiyono.link,sbi,2025-10-11,Full Word Match
yonosbionline.link,sbi,2025-10-11,Full Word Match
latribudesbiscornus.fr,sbi,2025-10-11,Full Word Match
sbime.lat,sbi,2025-10-11,Full Word Match
inveritasbio.com,sbi,2025-10-11,Full Word Match
clinicasosbichos.com.br,sbi,2025-10-11,Full Word Match
obrasmenoresbiobio.cl,sbi,2025-10-11,Full Word Match
borisbiz.xyz,sbi,2025-10-11,Full Word Match
trgovhgsbildiriler.sbs,sbi,2025-10-11,Full Word Match
whenismitchryansbirthday.com,sbi,2025-10-11,Full Word Match
brugesbitessights.be,sbi,2025-10-11,Full Word Match
posbite.in,sbi,2025-10-11,Full Word Match
kidsbiblestories.shop,sbi,2025-10-11,Full Word Match
hairlossbiohack.com,sbi,2025-10-11,Full Word Match
adsbiskuat01.click,sbi,2025-10-11,Full Word Match
1biosbioinformatics.info,sbi,2025-10-11,Full Word Match
freddysbistrotgourmet.com,sbi,2025-10-11,Full Word Match
hisbim.com,sbi,2025-10-11,Full Word Match
eskuvokiallitasbicske.hu,sbi,2025-10-11,Full Word Match
brandsbiz.xyz,sbi,2025-10-11,Full Word Match
yonolitesbi.link,sbi,2025-10-11,Full Word Match
kidsbiblestories.store,sbi,2025-10-11,Full Word Match
osbik.org,sbi,2025-10-11,Full Word Match
sbiadvancedbrokesractt.com,sbi,2025-10-11,Full Word Match
firtusbiznes.uz,sbi,2025-10-11,Full Word Match
sbiyonologinmobilebanking.link,sbi,2025-10-11,Full Word Match
lithopsbio.com.br,sbi,2025-10-11,Full Word Match
yono-sbi-app-download.ws,sbi,2025-10-11,Full Word Match
rocklandsbirdsanctuary.com,sbi,2025-10-11,Full Word Match
fahrschullehrerausbildung.com,sbi,2025-10-11,Full Word Match
masbiensi.com,sbi,2025-10-11,Full Word Match
littleearsbigvoices.com,sbi,2025-10-11,Full Word Match
lecomptoirdestalentsbiltoki.com,sbi,2025-10-11,Full Word Match
newsbiocapdelhi.com,sbi,2025-10-11,Full Word Match
ceresbiz.xyz,sbi,2025-10-11,Full Word Match
brokersbit.xyz,sbi,2025-10-11,Full Word Match
3riversbitcoin.com,sbi,2025-10-11,Full Word Match
charmsbit.xyz,sbi,2025-10-11,Full Word Match
sapiensbiotech.com,sbi,2025-10-11,Full Word Match
asvinsbi.space,sbi,2025-10-11,Full Word Match
maggiesbigbreak.com,sbi,2025-10-11,Full Word Match
politicsbill.com,sbi,2025-10-11,Full Word Match
tregsbiomed.com,sbi,2025-10-11,Full Word Match
littlemilesbigmoments.com,sbi,2025-10-11,Full Word Match
adsbiskuat09.click,sbi,2025-10-11,Full Word Match
sbiyonologin.cc,sbi,2025-10-11,Full Word Match
nettlesbill.com,sbi,2025-10-11,Full Word Match
thebadassbossbitch.com,sbi,2025-10-11,Full Word Match
brushesbit.xyz,sbi,2025-10-11,Full Word Match
rsbiocosmetics.org,sbi,2025-10-11,Full Word Match
bondsbiz.xyz,sbi,2025-10-11,Full Word Match
marmarisbiennial.online,sbi,2025-10-11,Full Word Match
thuisbijlaura.nl,sbi,2025-10-11,Full Word Match
sbi8r.top,sbi,2025-10-11,Full Word Match
urbaninstallationsbirminghamltd.co.uk,sbi,2025-10-11,Full Word Match
tsbikeshop.com,sbi,2025-10-11,Full Word Match
newsbitsy.us,sbi,2025-10-11,Full Word Match
ascambeltsbirmingham.co.uk,sbi,2025-10-11,Full Word Match
jasbirandbrothers.com,sbi,2025-10-11,Full Word Match
gecisbildirihts.icu,sbi,2025-10-11,Full Word Match
merkeztsbilgin.sbs,sbi,2025-10-11,Full Word Match
arnoldusbintuni.sch.id,sbi,2025-10-11,Full Word Match
vassbike.xyz,sbi,2025-10-11,Full Word Match
opusbidx.xyz,sbi,2025-10-11,Full Word Match
mikesbiz.com,sbi,2025-10-11,Full Word Match
bricsbitcoinfund.com,sbi,2025-10-11,Full Word Match
adsbiskuat02.click,sbi,2025-10-11,Full Word Match
nextgenleadersbiz.com,sbi,2025-10-11,Full Word Match
raspadinhadosbigode.shop,sbi,2025-10-11,Full Word Match
lkp-usbike.shop,sbi,2025-10-11,Full Word Match
adsbiskuat07.click,sbi,2025-10-11,Full Word Match
dcsbids.info,sbi,2025-10-11,Full Word Match
secihti-altusbio.com.mx,sbi,2025-10-11,Full Word Match
jsbinternational.com,sbi,2025-10-11,Full Word Match
1biosbiotech.info,sbi,2025-10-11,Full Word Match
bridgesbit.xyz,sbi,2025-10-11,Full Word Match
sharkbowlsbites.com,sbi,2025-10-11,Full Word Match
rozszerzycbisbiglia.xyz,sbi,2025-10-11,Full Word Match
yonosbionline.cc,sbi,2025-10-11,Full Word Match
smallcatsbig.world,sbi,2025-10-11,Full Word Match
halikarnasbilimciftligi.online,sbi,2025-10-11,Full Word Match
sbi-yono-login-mobile-banking.ws,sbi,2025-10-11,Full Word Match
xn----7sbitboqdcj2a6bgw.xn--p1ai,sbi,2025-10-11,Full Word Match
thelesbianporntube.com,sbi,2025-10-11,Full Word Match
melepasbirahi.store,sbi,2025-10-11,Full Word Match
sbidda.com,sbi,2025-10-11,Full Word Match
sbi-yono-login.ws,sbi,2025-10-11,Full Word Match
sbi-yono-app.ws,sbi,2025-10-11,Full Word Match
lundinsbil.com,sbi,2025-10-11,Full Word Match
chessbiz.xyz,sbi,2025-10-11,Full Word Match
xn----8sbiffna9byaejd.xn--p1ai,sbi,2025-10-11,Full Word Match
cbtfboxmsbihyqjpx.shop,sbi,2025-10-11,Full Word Match
angelholmsbiltvatt.com,sbi,2025-10-11,Full Word Match
yogasbirdiebanda.fun,sbi,2025-10-11,Full Word Match
bravesbiz.xyz,sbi,2025-10-11,Full Word Match
chariotsbit.xyz,sbi,2025-10-11,Full Word Match
pakdeliciousbite.co.uk,sbi,2025-10-11,Full Word Match
nextgenleadersbizsolutions.com,sbi,2025-10-11,Full Word Match
brandsbit.xyz,sbi,2025-10-11,Full Word Match
www.xn----8sbij5abdlbh4k.xn--p1ai,sbi,2025-10-11,Full Word Match
shortstoriesbigadventures.com,sbi,2025-10-11,Full Word Match
yono-sbi-app.ws,sbi,2025-10-11,Full Word Match
xn----8sbif0cgkk.xn--p1ai,sbi,2025-10-11,Full Word Match
flyersbikeclub.com,sbi,2025-10-11,Full Word Match
cosbite.com,sbi,2025-10-11,Full Word Match
hczhgsbildiri.sbs,sbi,2025-10-11,Full Word Match
trickortreatandwinsbigtonight.lat,sbi,2025-10-11,Full Word Match
buffetsbiz.xyz,sbi,2025-10-11,Full Word Match
onlinesbiyonologin.cc,sbi,2025-10-11,Full Word Match
yonosbi.link,sbi,2025-10-11,Full Word Match
clonesbio.com,sbi,2025-10-11,Full Word Match
mensbillboard.com,sbi,2025-10-11,Full Word Match
shobhajewellersbijnor.com,sbi,2025-10-11,Full Word Match
meticulousbiz.com,sbi,2025-10-11,Full Word Match
cerealesbiodulyonnais.fr,sbi,2025-10-11,Full Word Match
webavhrmsbilgi.sbs,sbi,2025-10-11,Full Word Match
lesbianplayroom.com,sbi,2025-10-11,Full Word Match
seven8sevenboardsbites.com,sbi,2025-10-11,Full Word Match
ussbin.com,sbi,2025-10-11,Full Word Match
crazsucksbigfatdonkeydick.com,sbi,2025-10-11,Full Word Match
sbiyonologin.link,sbi,2025-10-11,Full Word Match
caresbill.com,sbi,2025-10-11,Full Word Match
cpasbien.news,sbi,2025-10-11,Full Word Match
candlepinsbismu7593.cfd,sbi,2025-10-11,Full Word Match
personasbisa.info,sbi,2025-10-11,Full Word Match
adsbiskuat03.click,sbi,2025-10-11,Full Word Match
xn----9sbi0afnccbbpf.online,sbi,2025-10-11,Full Word Match
plexusbiopharma.co.in,sbi,2025-10-11,Full Word Match
meriksbiken.top,sbi,2025-10-11,Full Word Match
yonosbiregistration.cc,sbi,2025-10-11,Full Word Match
cenexisbio.com,sbi,2025-10-11,Full Word Match
queensbingo.se,sbi,2025-10-11,Full Word Match
yonosbiapp.link,sbi,2025-10-11,Full Word Match
sbirlosers.com,sbi,2025-10-11,Full Word Match
chargersbit.xyz,sbi,2025-10-11,Full Word Match
asbienergy.com,sbi,2025-10-11,Full Word Match
texasbilltracker.com,sbi,2025-10-11,Full Word Match
cantinhodosbichos.com,sbi,2025-10-11,Full Word Match
rayalesbianseeking.ru,sbi,2025-10-11,Full Word Match
lowerawsbill.com,sbi,2025-10-11,Full Word Match
accessbiblestudies.com,sbi,2025-10-11,Full Word Match
yono-sbi-business.ws,yonobusiness.sbi,2025-10-11,Similarity Jaccard
sbi-yono-business.ws,yonobusiness.sbi,2025-10-11,Similarity Jaccard
supporthdfcbank.com,hdfc,2025-10-11,Full Word Match
ahdfcct.com,hdfc,2025-10-11,Full Word Match
hdfcergopolicyinsurancerenewalshere.in,hdfcergo,2025-10-11,Full Word Match
supporthdfcbank.com,hdfcbank,2025-10-11,Full Word Match
hdhc.ru,hdfc,2025-10-11,Similarity Damerau-Levenshtein
hnfc.site,hdfc,2025-10-11,Similarity Damerau-Levenshtein
hdfcyberwiz.com,hdfc,2025-10-11,Full Word Match
hdfu.org,hdfc,2025-10-11,Similarity Damerau-Levenshtein
hdfcergopolicyinsurancerenewalshere.in,hdfc,2025-10-11,Full Word Match
career.you,icicicareers,2025-10-11,Similarity Jaccard
aicareer.work,icicicareers,2025-10-11,Similarity Jaccard
emailto.you,email.gov,2025-10-11,Similarity Jaro-Winkler
emailvx.click,email.gov,2025-10-11,Similarity Jaro-Winkler
email.limo,email.gov,2025-10-11,Similarity Jaro-Winkler
pnet.work,netpnb,2025-10-11,Similarity Jaccard
yonosbibusiness.link,yonobusiness.sbi,2025-10-11,Similarity Jaccard
sbiyonobusinesslogin.link,yonobusiness.sbi,2025-10-11,Similarity Jaccard
sbiyonobusiness.link,yonobusiness.sbi,2025-10-11,Similarity Jaccard
yono-business.ws,yonobusiness.sbi,2025-10-11,Similarity Jaro-Winkler
yonobusiness.link,yonobusiness.sbi,2025-10-11,Similarity Jaccard
yonobusiness.cc,yonobusiness.sbi,2025-10-11,Similarity Jaccard
dcflife.xyz,hdfclife,2025-10-11,Similarity Jaro-Winkler
bankofbakuaz.com,bankofbaroda,2025-10-11,Similarity Jaro-Winkler
bribanking.com,bobibanking,2025-10-11,Similarity Damerau-Levenshtein
ibanking.ru,bobibanking,2025-10-11,Similarity Jaccard
xn--air-dma.store,airtel,2025-10-11,IDN Similarity Jaro-Winkler
airtelrewards.info,airtel,2025-10-11,Full Word Match
airttel.xyz,airtel,2025-10-11,Similarity Jaccard
airtravel.homes,airtel,2025-10-11,Similarity Jaro-Winkler
aratel.site,airtel,2025-10-11,Similarity Jaro-Winkler
airtelharyana.com,airtel,2025-10-11,Full Word Match
aireel.digital,airtel,2025-10-11,Similarity Damerau-Levenshtein
e-billairtel.com,airtel,2025-10-11,Full Word Match
airtelfnc.in,airtel,2025-10-11,Full Word Match
airtelrewards.org,airtel,2025-10-11,Full Word Match
artel.video,airtel,2025-10-11,Similarity Damerau-Levenshtein
aiirtel.xyz,airtel,2025-10-11,Similarity Jaccard
airtelrewards.com,airtel,2025-10-11,Full Word Match
airtelrcsconnect.com,airtel,2025-10-11,Full Word Match
airtelrewards.store,airtel,2025-10-11,Full Word Match
icici-bank.international,icicibank,2025-10-11,Similarity Jaccard
careerseo.com,icicicareers,2025-10-11,Similarity Jaccard
zpcareers.com,icicicareers,2025-10-11,Similarity Jaccard
ardcareers.com,icicicareers,2025-10-11,Similarity Jaccard
careers.media,icicicareers,2025-10-11,Similarity Jaccard
onlinebij.store,onlinesbi.sbi,2025-10-11,Similarity Jaro-Winkler
onlinebij.com,onlinesbi.sbi,2025-10-11,Similarity Jaro-Winkler
stratosbiotechanalytics.com,sbi,2025-10-11,Full Word Match
morgansbirthday.party,sbi,2025-10-11,Full Word Match
buffetsbit.xyz,sbi,2025-10-11,Full Word Match
sbivjh.com,sbi,2025-10-11,Full Word Match
treesbizservices.com,sbi,2025-10-11,Full Word Match
topchefsbiography.com,sbi,2025-10-11,Full Word Match
lexworksbiz.com,sbi,2025-10-11,Full Word Match
littlemilesbigmoments.store,sbi,2025-10-11,Full Word Match
joebrisbinedesign.com,sbi,2025-10-11,Full Word Match
jrsbi.app,sbi,2025-10-11,Full Word Match
lesbianchat.life,sbi,2025-10-11,Full Word Match
sbihx.top,sbi,2025-10-11,Full Word Match
yono-sbi-business.ws,sbi,2025-10-11,Full Word Match
reachesbiathlon9630.sbs,sbi,2025-10-11,Full Word Match
mensbible.app,sbi,2025-10-11,Full Word Match
adsbiskuat05.click,sbi,2025-10-11,Full Word Match
0sbiuz3p.com,sbi,2025-10-11,Full Word Match
yonosbiregistration.link,sbi,2025-10-11,Full Word Match
aramisbike.fr,sbi,2025-10-11,Full Word Match
webgsisbilgi.sbs,sbi,2025-10-11,Full Word Match
jamesbirch.net,sbi,2025-10-11,Full Word Match
cupidlesbianattract.ru,sbi,2025-10-11,Full Word Match
sbi-yono-business.ws,sbi,2025-10-11,Full Word Match
logicsbill.com,sbi,2025-10-11,Full Word Match
itsbiohacking.com,sbi,2025-10-11,Full Word Match
wordofjesusbibleschool.com,sbi,2025-10-11,Full Word Match
visbiomee.com,sbi,2025-10-11,Full Word Match
walksbit.com,sbi,2025-10-11,Full Word Match
tinyscarsbiglessonsloqrw.com,sbi,2025-10-11,Full Word Match
construacomasbi.com,sbi,2025-10-11,Full Word Match
whiskeysbiz.com,sbi,2025-10-11,Full Word Match
onlinesbiyonologin.link,sbi,2025-10-11,Full Word Match
sbiyonoapp.cc,sbi,2025-10-11,Full Word Match
tastyteenlesbians.com,sbi,2025-10-11,Full Word Match
segersbiodling.se,sbi,2025-10-11,Full Word Match
skidsbio.xyz,sbi,2025-10-11,Full Word Match
vmsbi.com.br,sbi,2025-10-11,Full Word Match
chatsbiz.xyz,sbi,2025-10-11,Full Word Match
fortusbiznes.uz,sbi,2025-10-11,Full Word Match
kpvxtouqsbimavvzjb.shop,sbi,2025-10-11,Full Word Match
webhsgecisbilgi.sbs,sbi,2025-10-11,Full Word Match
darwinsbiglie.com,sbi,2025-10-11,Full Word Match
mellysbikeshop.nl,sbi,2025-10-11,Full Word Match
chargersbiz.xyz,sbi,2025-10-11,Full Word Match
writesbirs.com,sbi,2025-10-11,Full Word Match
nextgensalesbiz.com,sbi,2025-10-11,Full Word Match
seriesbiodelrot.autos,sbi,2025-10-11,Full Word Match
tasbihfactory.com,sbi,2025-10-11,Full Word Match
charlesbit.xyz,sbi,2025-10-11,Full Word Match
nasbit.online,sbi,2025-10-11,Full Word Match
tresbistrobar.se,sbi,2025-10-11,Full Word Match
tsbian.top,sbi,2025-10-11,Full Word Match
gyerekulesbizomanyi.com,sbi,2025-10-11,Full Word Match
trickortreatandwinsbigtonight.click,sbi,2025-10-11,Full Word Match
avgecisbilgi.sbs,sbi,2025-10-11,Full Word Match
wsbio.biz,sbi,2025-10-11,Full Word Match
sbi-yono-business-login.ws,sbi,2025-10-11,Full Word Match
stellarisbio.com,sbi,2025-10-11,Full Word Match
vercorsbike.com,sbi,2025-10-11,Full Word Match
hairlossbiohacks.com,sbi,2025-10-11,Full Word Match
dovusbilgisi.com,sbi,2025-10-11,Full Word Match
elevatedeventsbigbear.com,sbi,2025-10-11,Full Word Match
thisisyasminethelesbian.com,sbi,2025-10-11,Full Word Match
lodysseedesbijoux.fr,sbi,2025-10-11,Full Word Match
yonosbibusiness.link,sbi,2025-10-11,Full Word Match
thisbitchmag.com,sbi,2025-10-11,Full Word Match
tinyscarsbiglessons.blog,sbi,2025-10-11,Full Word Match
happyholidaysbitches.store,sbi,2025-10-11,Full Word Match
yonosbilogin.cc,sbi,2025-10-11,Full Word Match
teresasbilingualhomedaycare.com,sbi,2025-10-11,Full Word Match
yonosbilogin.link,sbi,2025-10-11,Full Word Match
evercharmlesbian.ru,sbi,2025-10-11,Full Word Match
khalilsbible.com,sbi,2025-10-11,Full Word Match
citynewsbihar.com,sbi,2025-10-11,Full Word Match
bravesbit.xyz,sbi,2025-10-11,Full Word Match
brothersbit.xyz,sbi,2025-10-11,Full Word Match
analyticssearchcapsbin.autos,sbi,2025-10-11,Full Word Match
cheersbit.xyz,sbi,2025-10-11,Full Word Match
sbai.digital,sbi,2025-10-11,Similarity Jaro-Winkler
adsbiskuat06.click,sbi,2025-10-11,Full Word Match
sbiyonobusinesslogin.link,sbi,2025-10-11,Full Word Match
xn----8sbij5abdlbh4k.xn--p1ai,sbi,2025-10-11,Full Word Match
rsbiology.com,sbi,2025-10-11,Full Word Match
tishawnsbirthdaydinner.com,sbi,2025-10-11,Full Word Match
sbirstrat.com,sbi,2025-10-11,Full Word Match
mofinnloansbiz.info,sbi,2025-10-11,Full Word Match
areiusbi.space,sbi,2025-10-11,Full Word Match
kidsbitz.com,sbi,2025-10-11,Full Word Match
ummsbirthday.name.ng,sbi,2025-10-11,Full Word Match
asbiao.xyz,sbi,2025-10-11,Full Word Match
yono-sbi.ws,sbi,2025-10-11,Full Word Match
scamsbite.com,sbi,2025-10-11,Full Word Match
brassbiz.xyz,sbi,2025-10-11,Full Word Match
invoicesbills.com,sbi,2025-10-11,Full Word Match
pelagosbilisim.com,sbi,2025-10-11,Full Word Match
boxesbiz.xyz,sbi,2025-10-11,Full Word Match
lvqsbier.click,sbi,2025-10-11,Full Word Match
bassbig.shop,sbi,2025-10-11,Full Word Match
1biosbioinsights.info,sbi,2025-10-11,Full Word Match
childhersbite.digital,sbi,2025-10-11,Full Word Match
onemasbiker.com,sbi,2025-10-11,Full Word Match
channelsbiz.xyz,sbi,2025-10-11,Full Word Match
adsbiskuat08.click,sbi,2025-10-11,Full Word Match
itsbilalnadeem.com,sbi,2025-10-11,Full Word Match
lesbianintertalk.ru,sbi,2025-10-11,Full Word Match
lesbiandemon.com,sbi,2025-10-11,Full Word Match
lesbians.today,sbi,2025-10-11,Full Word Match
smallbitesbigchanges.com,sbi,2025-10-11,Full Word Match
flopsbinkybun.uk,sbi,2025-10-11,Full Word Match
charmsbiz.xyz,sbi,2025-10-11,Full Word Match
newfoundationsbiblicalfellowship.com,sbi,2025-10-11,Full Word Match
itsbindi.xyz,sbi,2025-10-11,Full Word Match
adsbiskuat04.click,sbi,2025-10-11,Full Word Match
sbiyonobusiness.link,sbi,2025-10-11,Full Word Match
nbpilatesbilecik.com,sbi,2025-10-11,Full Word Match
3riversbitcoin.org,sbi,2025-10-11,Full Word Match
cursosbitcoin.shop,sbi,2025-10-11,Full Word Match
amsbinarytech.com,sbi,2025-10-11,Full Word Match
doyensbiz.org,sbi,2025-10-11,Full Word Match
g6sbi.top,sbi,2025-10-11,Full Word Match
sbirmill.com,sbi,2025-10-11,Full Word Match
yono-sbi-registration.ws,sbi,2025-10-11,Full Word Match
venationesbismu4713.cfd,sbi,2025-10-11,Full Word Match
lsbiyej.com,sbi,2025-10-11,Full Word Match
sbiyonoapp.link,sbi,2025-10-11,Full Word Match
borisbit.xyz,sbi,2025-10-11,Full Word Match
businessratesbirmingham.co.uk,sbi,2025-10-11,Full Word Match
brevisbit.xyz,sbi,2025-10-11,Full Word Match
csbite.xyz,sbi,2025-10-11,Full Word Match
kidsbiblestories.online,sbi,2025-10-11,Full Word Match
artefloresbiritiba.com.br,sbi,2025-10-11,Full Word Match
cheersbiz.xyz,sbi,2025-10-11,Full Word Match
sbiyono.cc,sbi,2025-10-11,Full Word Match
mesbiensavendre.fr,sbi,2025-10-11,Full Word Match
pointreyesbikerental.com,sbi,2025-10-11,Full Word Match
finassetsbiz.com,sbi,2025-10-11,Full Word Match
trickortreatandwinsbigtonight.sbs,sbi,2025-10-11,Full Word Match
plantisbiotech.com,sbi,2025-10-11,Full Word Match
agilymarmartinsbio.com,sbi,2025-10-11,Full Word Match
dsbibs.info,sbi,2025-10-11,Full Word Match
fisbitcode.com,sbi,2025-10-11,Full Word Match
veritasbiosystems.com,sbi,2025-10-11,Full Word Match
repertoirelesbiens.ca,sbi,2025-10-11,Full Word Match
brothersbiz.xyz,sbi,2025-10-11,Full Word Match
mssbig.shop,sbi,2025-10-11,Full Word Match
yono-sbi-online.ws,sbi,2025-10-11,Full Word Match
aesbiologics.com,sbi,2025-10-11,Full Word Match
www.spsbiz.top,sbi,2025-10-11,Full Word Match
trickortreatandwinsbigtonight.world,sbi,2025-10-11,Full Word Match
merkezwhgsbilgi.sbs,sbi,2025-10-11,Full Word Match
onlinesbi-yono-login.ws,sbi,2025-10-11,Full Word Match
braveandblissbirth.com,sbi,2025-10-11,Full Word Match
vsbi-formation.fr,sbi,2025-10-11,Full Word Match
orpheusbioscience.com,sbi,2025-10-11,Full Word Match
sysbilisim.com,sbi,2025-10-11,Full Word Match
toursbimini.com,sbi,2025-10-11,Full Word Match
goodsbizmk.click,sbi,2025-10-11,Full Word Match
kgmgecisbilgi.sbs,sbi,2025-10-11,Full Word Match
proyectosbirth.com,sbi,2025-10-11,Full Word Match
digisbitsandbytes.com,sbi,2025-10-11,Full Word Match
desbinghamassociates.com,sbi,2025-10-11,Full Word Match
visbilidadetop.com.br,sbi,2025-10-11,Full Word Match
casbinyc.org,sbi,2025-10-11,Full Word Match
site4-sbisec.mingyuantai.com,sbi,2025-10-11,Full Word Match
yonosbiappdownload.link,sbi,2025-10-11,Full Word Match
lnsbio.xyz,sbi,2025-10-11,Full Word Match
thomasbiasotto.ch,sbi,2025-10-11,Full Word Match
nianglesbian.top,sbi,2025-10-11,Full Word Match
bonniesbigheads.com,sbi,2025-10-11,Full Word Match
banking.legal,bobibanking,2025-10-11,Similarity Jaccard
403bmutualfund.shop,bobmutualfund,2025-10-11,Similarity Jaccard
403bmutualfund.net,bobmutualfund,2025-10-11,Similarity Jaccard
403bmutualfund.info,bobmutualfund,2025-10-11,Similarity Jaccard
403bmutualfund.store,bobmutualfund,2025-10-11,Similarity Jaccard
bharat-digital.com,bharti-airtel,2025-10-11,Similarity Jaro-Winkler
dc.crsorgi.gov.in.viewcertificates.xyz,dc.crsorgi.gov,2025-10-11,Full Word Match
